{
  "training_rewards": [
    3.027601530830977,
    3.02230856151526,
    3.0200793653542846,
    3.0825065142724384,
    3.0644607464070006,
    3.0355292125542612,
    4.018576805237851,
    4.065249702196869,
    3.5410662937215536,
    3.037192265364905,
    4.044374117838845,
    2.534400042995807,
    3.572185636402712,
    2.0260250364459984,
    3.020526133121039,
    2.5340426433598258,
    3.018966270035246,
    3.56060683829467,
    3.0222965549971477,
    4.576970753079079,
    3.5267485478006804,
    4.078329712291818,
    3.0494398289345566,
    3.519933074517794,
    2.5455789655892493,
    3.0306306429566954,
    3.0036866691347868,
    2.485065008721381,
    2.0289683187125354,
    2.029602533087632,
    2.531608804141411,
    2.5088769234811386,
    3.5581249663831063,
    3.5752927671134254,
    3.0584030183694373,
    2.520603536106455,
    2.510802173819499,
    3.0543203166065624,
    3.0331907483420237,
    2.5549294352099396,
    3.113305926028844,
    4.621548984862498,
    3.5241425222958775,
    4.120697100998266,
    2.521925417300469,
    2.5481252146937727,
    2.523784761115562,
    4.5495404875450935,
    3.03361495240025,
    4.578657309934933,
    3.061930252609951,
    3.0491772479302877,
    3.020032807577504,
    3.0441744970923055,
    3.034849937252084,
    3.040106457338942,
    5.032066609806008,
    3.5825417681782934,
    3.5564717543884394
  ],
  "validation_rewards": [
    -0.46382062383180084,
    -0.46382062383180084,
    -0.46382062383180084,
    -0.46382062383180084,
    -0.46382062383180084,
    -0.46382062383180084,
    -0.46382062383180084,
    -0.3264929228169325,
    4.761372583916955,
    0.22185426621644952,
    -0.3315113761936682,
    0.22185426621644952,
    0.20838205852657296,
    0.7524143707772742,
    3.2643709241340404,
    3.266671961657856,
    3.266671961657856,
    3.266671961657856,
    3.266671961657856,
    3.266671961657856,
    3.266671961657856,
    3.266671961657856,
    3.266671961657856,
    3.266671961657856,
    3.266671961657856,
    3.266671961657856,
    3.266671961657856,
    3.266671961657856,
    3.266671961657856,
    3.266671961657856,
    3.266671961657856,
    3.266671961657856,
    3.266671961657856,
    3.266671961657856,
    3.266671961657856,
    3.266671961657856,
    3.266671961657856,
    3.266671961657856,
    3.266671961657856,
    3.266671961657856,
    3.266671961657856,
    3.266671961657856,
    3.266671961657856,
    3.266671961657856,
    3.266671961657856,
    3.266671961657856,
    3.266671961657856,
    3.266671961657856,
    3.266671961657856,
    3.266671961657856,
    3.266671961657856,
    3.266671961657856,
    3.266671961657856,
    3.266671961657856,
    3.266671961657856,
    3.266671961657856,
    3.266671961657856,
    3.266671961657856,
    3.266671961657856
  ],
  "timestamps": [
    "2026-03-12T21:02:31.369644",
    "2026-03-12T21:02:31.369644",
    "2026-03-12T21:02:31.369644",
    "2026-03-12T21:02:31.369644",
    "2026-03-12T21:02:31.369644",
    "2026-03-12T21:02:31.369644",
    "2026-03-12T21:02:31.369644",
    "2026-03-12T21:02:31.369644",
    "2026-03-12T21:02:31.369644",
    "2026-03-12T21:02:31.369644",
    "2026-03-12T21:02:31.369644",
    "2026-03-12T21:02:31.369644",
    "2026-03-12T21:02:31.369644",
    "2026-03-12T21:02:31.369644",
    "2026-03-12T21:02:31.369644",
    "2026-03-12T21:02:31.369644",
    "2026-03-12T21:02:31.369644",
    "2026-03-12T21:02:31.369644",
    "2026-03-12T21:02:31.369644",
    "2026-03-12T21:02:31.369644",
    "2026-03-12T21:02:31.369644",
    "2026-03-12T21:02:31.369644",
    "2026-03-12T21:02:31.369644",
    "2026-03-12T21:02:31.369644",
    "2026-03-12T21:02:31.369644",
    "2026-03-12T21:02:31.369644",
    "2026-03-12T21:02:31.369644",
    "2026-03-12T21:02:31.369644",
    "2026-03-12T21:02:31.369644",
    "2026-03-12T21:02:31.369644",
    "2026-03-12T21:02:31.369644",
    "2026-03-12T21:02:31.369644",
    "2026-03-12T21:02:31.369644",
    "2026-03-12T21:02:31.369644",
    "2026-03-12T21:02:31.369644",
    "2026-03-12T21:02:31.369644",
    "2026-03-12T21:02:31.369644",
    "2026-03-12T21:02:31.369644",
    "2026-03-12T21:02:31.369644",
    "2026-03-12T21:02:31.369644",
    "2026-03-12T21:02:31.369644",
    "2026-03-12T21:02:31.369644",
    "2026-03-12T21:02:31.369644",
    "2026-03-12T21:02:31.369644",
    "2026-03-12T21:02:31.369644",
    "2026-03-12T21:02:31.369644",
    "2026-03-12T21:02:31.369644",
    "2026-03-12T21:02:31.369644",
    "2026-03-12T21:02:31.369644",
    "2026-03-12T21:02:31.369644",
    "2026-03-12T21:02:31.369644",
    "2026-03-12T21:02:31.369644",
    "2026-03-12T21:02:31.369644",
    "2026-03-12T21:02:31.369644",
    "2026-03-12T21:02:31.369644",
    "2026-03-12T21:02:31.369644",
    "2026-03-12T21:02:31.369644",
    "2026-03-12T21:02:31.369644",
    "2026-03-12T21:02:31.369644"
  ]
}