{
  "training_rewards": [
    -8.52389676638319,
    -8.529993808737593,
    -8.52856058229068,
    -8.51435295732455,
    -8.518150431247824,
    -8.514672274193153,
    -8.516489166350961,
    -8.516941450544666,
    -8.513911437836235,
    -8.527839591058443,
    -8.514106901171518,
    -8.501482791320983,
    -8.534916246132783,
    -8.523320071285768,
    -8.48164740328322,
    -8.527954152253425,
    -8.527398212764474,
    -8.536001552069003,
    -8.516210218509435,
    -8.512072930285948,
    -8.514304735205839,
    -8.513836032423198,
    -8.528505454850476,
    -8.534767409606504,
    -8.525441161456653,
    -8.503380835597182,
    -8.55578300715749,
    -8.527852007101863,
    -8.561242275515463,
    -8.52575314238291,
    -8.524592168124528,
    -8.51678658564745,
    -8.518524166551563,
    -8.56013959815871,
    -8.51300952738738,
    -8.51903344754007,
    -8.517174615812777,
    -8.525942216876958,
    -8.529821426532981,
    -8.511799619174205,
    -8.520500762782191,
    -8.514642869674867,
    -8.524929896239623,
    -8.524226427076226,
    -8.520326259210929,
    -8.529011762292038,
    -8.515169332473237,
    -8.51561092027995,
    -8.553342212821335,
    -8.517297653329258,
    -8.469313593707325
  ],
  "validation_rewards": [
    -1.2806520951702058,
    -1.2806520951702058,
    -1.2806520951702058,
    -1.2806520951702058,
    -1.2806520951702058,
    -1.2806520951702058,
    -1.2806520951702058,
    -1.2806520951702058,
    -1.2806520951702058,
    -1.2806520951702058,
    -1.2806520951702058,
    -1.2806520951702058,
    -1.2806520951702058,
    -1.2806520951702058,
    -1.2806520951702058,
    -1.2806520951702058,
    -1.2806520951702058,
    -1.2806520951702058,
    -1.2806520951702058,
    -1.2806520951702058,
    -1.2806520951702058,
    -1.2806520951702058,
    -1.2806520951702058,
    -1.2806520951702058,
    -1.2806520951702058,
    -1.2806520951702058,
    -1.2806520951702058,
    -1.2806520951702058,
    -1.2806520951702058,
    -1.2806520951702058,
    -1.2806520951702058,
    -1.2806520951702058,
    -1.2806520951702058,
    -1.2806520951702058,
    -1.2806520951702058,
    -1.2806520951702058,
    -1.2806520951702058,
    -1.2806520951702058,
    -1.2806520951702058,
    -1.2806520951702058,
    -1.2806520951702058,
    -1.2806520951702058,
    -1.2806520951702058,
    -1.2806520951702058,
    -1.2806520951702058,
    -1.2806520951702058,
    -1.2806520951702058,
    -1.2806520951702058,
    -1.2806520951702058,
    -1.2806520951702058,
    -1.2806520951702058
  ],
  "timestamps": [
    "2026-03-12T23:30:53.746941",
    "2026-03-12T23:30:53.746941",
    "2026-03-12T23:30:53.746941",
    "2026-03-12T23:30:53.746941",
    "2026-03-12T23:30:53.746941",
    "2026-03-12T23:30:53.746941",
    "2026-03-12T23:30:53.746941",
    "2026-03-12T23:30:53.746941",
    "2026-03-12T23:30:53.746941",
    "2026-03-12T23:30:53.746941",
    "2026-03-12T23:30:53.746941",
    "2026-03-12T23:30:53.746941",
    "2026-03-12T23:30:53.746941",
    "2026-03-12T23:30:53.746941",
    "2026-03-12T23:30:53.746941",
    "2026-03-12T23:30:53.746941",
    "2026-03-12T23:30:53.746941",
    "2026-03-12T23:30:53.746941",
    "2026-03-12T23:30:53.746941",
    "2026-03-12T23:30:53.746941",
    "2026-03-12T23:30:53.746941",
    "2026-03-12T23:30:53.746941",
    "2026-03-12T23:30:53.746941",
    "2026-03-12T23:30:53.746941",
    "2026-03-12T23:30:53.746941",
    "2026-03-12T23:30:53.746941",
    "2026-03-12T23:30:53.746941",
    "2026-03-12T23:30:53.746941",
    "2026-03-12T23:30:53.746941",
    "2026-03-12T23:30:53.746941",
    "2026-03-12T23:30:53.746941",
    "2026-03-12T23:30:53.746941",
    "2026-03-12T23:30:53.746941",
    "2026-03-12T23:30:53.746941",
    "2026-03-12T23:30:53.746941",
    "2026-03-12T23:30:53.746941",
    "2026-03-12T23:30:53.746941",
    "2026-03-12T23:30:53.746941",
    "2026-03-12T23:30:53.746941",
    "2026-03-12T23:30:53.746941",
    "2026-03-12T23:30:53.746941",
    "2026-03-12T23:30:53.746941",
    "2026-03-12T23:30:53.746941",
    "2026-03-12T23:30:53.746941",
    "2026-03-12T23:30:53.746941",
    "2026-03-12T23:30:53.746941",
    "2026-03-12T23:30:53.746941",
    "2026-03-12T23:30:53.746941",
    "2026-03-12T23:30:53.746941",
    "2026-03-12T23:30:53.746941",
    "2026-03-12T23:30:53.746941"
  ]
}